[{
  "_id": {
    "$oid": "608d49ba0865cccbd0480cb4"
  },
  "title": "Mrs",
  "fname": "Tamara",
  "sname": "McGrath",
  "email": "Tamara.McGrath@bluemail.com",
  "mobile": "1234567890",
  "ShippingAddress": {
    "street": "9416 VICTORIA VILLAS",
    "addline2": "The Avenue",
    "town": "Ballingeary (Béal Átha an Ghaorthaidh)",
    "county": "Cork",
    "eircode": "X99 ZS17"
  },
  "BillingAddress": {
    "street": "9416 VICTORIA VILLAS",
    "addline2": "The Avenue",
    "town": "Ballingeary (Béal Átha an Ghaorthaidh)",
    "county": "Cork",
    "eircode": "X99 ZS17"
  },
  "createdAt": {
    "$date": "2021-05-01T12:29:46.302Z"
  },
  "updatedAt": {
    "$date": "2021-05-01T18:27:18.364Z"
  },
  "__v": 0
},{
  "_id": {
    "$oid": "608da3a083178cc9685409ff"
  },
  "title": "Dr",
  "fname": "Nadia",
  "sname": "Buckley",
  "email": "Nadia.Buckley@graymail.ie",
  "mobile": "0593085428",
  "ShippingAddress": {
    "street": "4147 ARDILAUN ROAD",
    "addline2": "The Place",
    "town": "Newtownforbes",
    "county": "Longford",
    "eircode": "T13 GC26"
  },
  "BillingAddress": {
    "street": "4147 ARDILAUN ROAD",
    "addline2": "The Place",
    "town": "Newtownforbes",
    "county": "Longford",
    "eircode": "T13 GC26"
  },
  "createdAt": {
    "$date": "2021-05-01T18:53:20.262Z"
  },
  "updatedAt": {
    "$date": "2021-05-01T18:53:20.262Z"
  },
  "__v": 0
},{
  "_id": {
    "$oid": "608da3c0cd1affbee41ba102"
  },
  "title": "Mr",
  "fname": "Jasmine",
  "sname": "Ward",
  "email": "Jasmine.Ward@greenmail.ie",
  "mobile": "1936280546",
  "ShippingAddress": {
    "street": "8152 MAGENNIS PLACE",
    "addline2": "The Lake",
    "town": "Gowran",
    "county": "Kilkenny",
    "eircode": "G27 JA40"
  },
  "BillingAddress": {
    "street": "8152 MAGENNIS PLACE",
    "addline2": "The Lake",
    "town": "Gowran",
    "county": "Kilkenny",
    "eircode": "G27 JA40"
  },
  "createdAt": {
    "$date": "2021-05-01T18:53:52.593Z"
  },
  "updatedAt": {
    "$date": "2021-05-01T18:53:52.593Z"
  },
  "__v": 0
},{
  "_id": {
    "$oid": "608dd71670855e129d6cd0d1"
  },
  "title": "Miss",
  "fname": "Dónal",
  "sname": "White",
  "email": "Dónal.White@silvermail.ie",
  "mobile": "7566791829",
  "ShippingAddress": {
    "street": "1201 DANIELI ROAD",
    "addline2": "The Road",
    "town": "Threemilehouse (Three Mile House, Cabragh)",
    "county": "Monaghan",
    "eircode": "F49 YP57"
  },
  "BillingAddress": {
    "street": "1201 DANIELI ROAD",
    "addline2": "The Road",
    "town": "Threemilehouse (Three Mile House, Cabragh)",
    "county": "Monaghan",
    "eircode": "F49 YP57"
  },
  "createdAt": {
    "$date": "2021-05-01T22:32:54.998Z"
  },
  "updatedAt": {
    "$date": "2021-05-01T22:32:54.998Z"
  },
  "__v": 0
},{
  "_id": {
    "$oid": "608de87ecceceb4cb0aea03b"
  },
  "title": "Ms",
  "fname": "Laila",
  "sname": "Burke",
  "email": "Laila.Burke@redmail.ie",
  "mobile": "3467035488",
  "HomeAddress": {
    "street": "1298 BROOKWOOD ROAD",
    "addline2": "The Waterfall",
    "town": "Kilmaine (Kilmain)",
    "county": "Mayo",
    "eircode": "C46 YO66"
  },
  "ShippingAddress": {
    "street": "1298 BROOKWOOD ROAD",
    "addline2": "The Waterfall",
    "town": "Kilmaine (Kilmain)",
    "county": "Mayo",
    "eircode": "C46 YO66"
  },
  "createdAt": {
    "$date": "2021-05-01T23:47:10.308Z"
  },
  "updatedAt": {
    "$date": "2021-05-01T23:47:10.308Z"
  },
  "__v": 0
}]